{
  "minecraft:recipes/redstone/stone_button": {
    "criteria": {
      "has_stone": "2020-10-28 00:31:50 -0300"
    },
    "done": true
  },
  "minecraft:recipes/building_blocks/stonebrick": {
    "criteria": {
      "has_stone": "2020-10-28 00:31:50 -0300"
    },
    "done": true
  },
  "minecraft:recipes/building_blocks/stone_slab": {
    "criteria": {
      "has_stone": "2020-10-28 00:31:50 -0300"
    },
    "done": true
  },
  "minecraft:recipes/redstone/stone_pressure_plate": {
    "criteria": {
      "has_stone": "2020-10-28 00:31:50 -0300"
    },
    "done": true
  },
  "minecraft:adventure/adventuring_time": {
    "criteria": {
      "jungle": "2020-10-28 00:31:50 -0300"
    },
    "done": false
  }
}