{"stat.walkOneCm":2994,"stat.drop":1,"stat.craftItem.xtragems.ruby":9,"stat.jump":1,"stat.craftItem.xtragems.topaz":9,"stat.pickup.xtragems.topaz_block":1,"stat.playOneMinute":1490,"stat.drop.xtragems.ruby":9,"stat.pickup.xtragems.ruby_block":1,"stat.leaveGame":1,"stat.mineBlock.xtragems.ruby_block":1,"stat.craftItem.xtragems.topaz_block":1,"stat.useItem.minecraft.diamond_pickaxe":2,"stat.timeSinceDeath":1490,"stat.useItem.minecraft.stone_slab2":10,"stat.mineBlock.xtragems.topaz_block":1,"stat.craftingTableInteraction":2,"stat.craftItem.xtragems.ruby_block":1}