{"stat.drop.minecraft.spawn_egg":1,"stat.pickup.minecraft.spawn_egg":1,"stat.pickup.minecraft.string":4,"stat.flyOneCm":2901,"stat.walkOneCm":8552,"stat.drop":2,"stat.jump":21,"stat.playOneMinute":7890,"stat.leaveGame":1,"stat.sneakTime":13,"stat.killEntity.Spider":4,"stat.damageTaken":180,"stat.damageDealt":590,"stat.crouchOneCm":7,"stat.timeSinceDeath":7890,"stat.pickup.minecraft.spider_eye":1,"stat.sprintOneCm":3363,"stat.mobKills":4,"stat.useItem.minecraft.spawn_egg":19,"stat.useItem.minecraft.stone_slab2":1,"stat.drop.minecraft.spider_eye":1,"stat.useItem.minecraft.diamond_sword":10}