{"stat.drop.minecraft.mutton":1,"stat.walkOneCm":6672,"stat.leaveGame":2,"stat.drop.minecraft.wool":1,"stat.useItem.minecraft.diamond_sword":7,"stat.pickup.minecraft.string":7,"stat.jump":13,"stat.fallOneCm":202,"stat.crouchOneCm":68,"stat.sprintOneCm":2404,"stat.killEntity.Spider":6,"stat.damageTaken":240,"stat.useItem.xtragems.ruby_sword":8,"stat.mobKills":7,"stat.flyOneCm":1216,"stat.pickup.minecraft.wheat_seeds":1,"stat.drop":3,"stat.playOneMinute":3350,"stat.drop.minecraft.wheat_seeds":1,"stat.killEntity.Sheep":1,"stat.sneakTime":9,"stat.pickup.minecraft.wool":1,"stat.damageDealt":990,"stat.timeSinceDeath":3350,"stat.useItem.minecraft.spawn_egg":6,"stat.mineBlock.minecraft.tallgrass":1,"stat.pickup.minecraft.mutton":1}