{"stat.walkOneCm":18858,"stat.pickup.xtragems.topaz_block":3,"stat.pickup.xtragems.amethyst":1,"stat.pickup.xtragems.firite_gem":1,"stat.craftItem.minecraft.planks":8,"stat.pickup.xtragems.topaz":1,"stat.pickup.xtragems.shadow_ingot":1,"stat.leaveGame":1,"stat.craftItem.minecraft.crafting_table":1,"stat.useItem.minecraft.diamond_pickaxe":11,"stat.drop.xtragems.ruby_block":2,"stat.mineBlock.xtragems.topaz_block":3,"stat.mineBlock.minecraft.log":2,"stat.pickup.minecraft.log":2,"stat.flyOneCm":799,"stat.drop":3,"stat.pickup.xtragems.black_gem":1,"stat.jump":25,"stat.mineBlock.minecraft.leaves":16,"stat.playOneMinute":4243,"stat.fallOneCm":689,"stat.useItem.minecraft.planks":3,"stat.pickup.xtragems.ruby_block":7,"stat.drop.xtragems.ruby":1,"stat.sneakTime":394,"stat.mineBlock.xtragems.ruby_block":7,"stat.craftItem.xtragems.topaz_block":1,"stat.crouchOneCm":904,"stat.timeSinceDeath":4243,"stat.sprintOneCm":1337,"stat.useItem.minecraft.stone_slab2":11,"stat.useItem.xtragems.ruby_block":2,"stat.craftingTableInteraction":1,"stat.craftItem.xtragems.ruby_block":1}